Category,Detail,Additional Info
Program Information,Doctorate,Doctor of Philosophy in Environmental Science
Program Information,Doctorate,Doctor of Philosophy in Agricultural Extension
Program Information,Doctorate,Doctor of Philosophy in Agribusiness Management
Program Information,Doctorate,Doctor of Philosophy in Agricultural Economics
Program Information,Doctorate,Doctor of Philosophy in Soil Science
Program Information,Doctorate,Doctor of Philosophy in Horticulture
Program Information,Doctorate,Doctor of Philosophy in Genetics and Plant Breeding
Program Information,Doctorate,Doctor of Philosophy in Agronomy
Program Information,Doctorate,Doctor of Philosophy in Animal Science
Program Information,Doctorate,Doctor of Philosophy in Fine Art
Program Information,Doctorate,Doctor of Philosophy in Interior Design
Program Information,Doctorate,Doctor of Philosophy in Linguistics
Program Information,Doctorate,Doctor of Philosophy in Kiswahili
Program Information,Doctorate,Doctor of Philosophy in Mass Communication
Program Information,Doctorate,Doctor of Philosophy in Literature
Program Information,Doctorate,Doctor of Philosophy in Sociology
Program Information,Doctorate,Doctor of Philosophy in Anthropology
Program Information,Doctorate,Doctor of Philosophy in Counselling Psychology
Program Information,Doctorate,Doctor of Philosophy in French
Program Information,Doctorate,Doctor of Philosophy in Religion
Program Information,Doctorate,Doctor of Philosophy in Philosophy
Program Information,Doctorate,Doctor of Philosophy in Geography
Program Information,Doctorate,Doctor of Philosophy in Textile and Fashion Design
Program Information,Doctorate,Doctor of Philosophy in Communication and Media Studies
Program Information,Doctorate,Doctor of Philosophy in Theology
Program Information,Doctorate,Doctor of Philosophy in History
Program Information,Doctorate,Doctor of Philosophy in Music
Program Information,Doctorate,Doctor of Philosophy in French Studies
Program Information,Doctorate,Doctor of Philosophy in Design
Program Information,Doctorate,Doctor of Philosophy in Accounting
Program Information,Doctorate,Doctor of Philosophy in Finance
Program Information,Doctorate,Doctor of Philosophy in Tourism Management
Program Information,Doctorate,Doctor of Philosophy in Hospitality Management
Program Information,Doctorate,Doctor of Philosophy in Economics
Program Information,Doctorate,Doctor of Philosophy in Management Information Systems
Program Information,Doctorate,Doctor of Philosophy in Operations Management
Program Information,Doctorate,Doctor of Philosophy in Procurement and Supply Chain Management
Program Information,Doctorate,Doctor of Philosophy in Business Administration
Program Information,Doctorate,Doctor of Philosophy in Economics
Program Information,Doctorate,Doctor of Philosophy in Strategic Management
Program Information,Doctorate,Doctor of Philosophy in Marketing
Program Information,Doctorate,Doctor of Philosophy in Human Resource Management
Program Information,Doctorate,Doctor of Philosophy in Accounting
Program Information,Doctorate,Doctor of Philosophy in Finance
Program Information,Doctorate,Doctor of Philosophy in Tourism Management
Program Information,Doctorate,Doctor of Philosophy in Hospitality Management
Program Information,Doctorate,Doctor of Philosophy in Economics
Program Information,Doctorate,Doctor of Philosophy in Management Information Systems
Program Information,Doctorate,Doctor of Philosophy in Operations Management
Program Information,Doctorate,Doctor of Philosophy in Procurement and Supply Chain Management
Program Information,Doctorate,Doctor of Philosophy in Business Administration
Program Information,Doctorate,Doctor of Philosophy in Economics
Program Information,Doctorate,Doctor of Philosophy in Strategic Management
Program Information,Doctorate,Doctor of Philosophy in Marketing
Program Information,Doctorate,Doctor of Philosophy in Human Resource Management
Program Information,Doctorate,Doctor of Philosophy in Curriculum Studies
Program Information,Doctorate,Doctor of Philosophy in Educational Technology
Program Information,Doctorate,Doctor of Philosophy in Pedagogy Educational Administration
Program Information,Doctorate,Doctor of Philosophy in Educational Psychology
Program Information,Doctorate,Doctor of Philosophy in Guidance and Counselling
Program Information,Doctorate,Doctor of Philosophy in Planning and Economics of Education
Program Information,Doctorate,Doctor of Philosophy in Special Needs Education
Program Information,Doctorate,Doctor of Philosophy in Educational Administration
Program Information,Doctorate,Doctor of Philosophy in Planning and Economics of Education
Program Information,Doctorate,Doctor of Philosophy in Political Science
Program Information,Doctorate,Doctor of Philosophy in International Relations
Program Information,Doctorate,Doctor of Philosophy in Development Studies
Program Information,Doctorate,Doctor of Philosophy in Entrepreneurship and Development
Program Information,Doctorate,Doctor of Philosophy in Gender Studies
Program Information,Doctorate,Doctor of Philosophy in Gender and Development
Program Information,Doctorate,Doctor of Philosophy in Planning
Program Information,Doctorate,Doctor of Philosophy in Biomedical Sciences
Program Information,Doctorate,Doctor of Philosophy in Community Nutrition and Development
Program Information,Doctorate,Doctor of Philosophy in Public Health Nutrition
Program Information,Doctorate,Doctor of Philosophy in Public Health
Program Information,Doctorate,Doctor of Philosophy in Medical Entomology and Vector Science
Program Information,Doctorate,Doctor of Philosophy in Pharmacology
Program Information,Doctorate,Doctor of Philosophy in Medical Parasitology
Program Information,Doctorate,Doctor of Philosophy in Medical Microbiology
Program Information,Doctorate,Doctor of Philosophy in Medical Immunology
Program Information,Doctorate,Doctor of Philosophy in Medical Genetics
Program Information,Doctorate,Doctor of Philosophy in Computational Biology and Bioinformatics
Program Information,Doctorate,Doctor of Philosophy in Medical Biotechnology
Program Information,Doctorate,Doctor of Philosophy in Chemistry
Program Information,Doctorate,Doctor of Philosophy in Physics
Program Information,Doctorate,Doctor of Philosophy in Botany
Program Information,Doctorate,Doctor of Philosophy in Aquatic Sciences
Program Information,Doctorate,Doctor of Philosophy in Cell and Molecular Biology
Program Information,Doctorate,Doctor of Philosophy in Conservation Biology
Program Information,Doctorate,Doctor of Philosophy in Molecular Microbiology and Biotechnology
Program Information,Doctorate,Doctor of Philosophy in Parasitology and Vector Biology
Program Information,Doctorate,Doctor of Philosophy in Entomology
Program Information,Doctorate,Doctor of Philosophy in Applied Statistics
Program Information,Doctorate,Doctor of Philosophy in Pure Mathematics
Program Information,Doctorate,Doctor of Philosophy in Applied Mathematics
Program Information,Doctorate,Doctor of Philosophy in Computer Science
Program Information,Doctorate,Doctor of Philosophy in Information Technology
Program Information,Doctorate,Doctor of Philosophy in Computer Technology
Program Information,Doctorate,Doctor of Philosophy in Information Systems
Program Information,Masters,Master of Science in Animal Science
Program Information,Masters,Master of Science in Agricultural Economics
Program Information,Masters,Master of Science in Agricultural Extension
Program Information,Masters,Master of Science in Soil Science
Program Information,Masters,Master of Science in Agri-Business Management
Program Information,Masters,Master of Science in Agronomy
Program Information,Masters,Master of Science in Genetics and Plant Breeding
Program Information,Masters,Master of Science in Urban Environmental Planning and Management
Program Information,Masters,Master of Science in Environmental Sciences
Program Information,Masters,Master of Arts in Fine Art
Program Information,Masters,Master of Arts in Interior Design
Program Information,Masters,Master of Arts in Linguistics
Program Information,Masters,Master of Arts in Theoretical Linguistics
Program Information,Masters,Master of Arts in Applied Linguistics
Program Information,Masters,Master of Arts in Kiswahili Studies
Program Information,Masters,Masters in Communication and Media
Program Information,Masters,Master of Arts in Literature
Program Information,Masters,Masters of Arts Sociology
Program Information,Masters,Masters of Arts Social Policy
Program Information,Masters,Masters of Arts Anthropology
Program Information,Masters,Master of Arts in Counselling Psychology
Program Information,Masters,Masters of Arts (French Studies)
Program Information,Masters,Master of Arts in Religion
Program Information,Masters,Master of Arts in Philosophy
Program Information,Masters,Master of Arts in Fine Art
Program Information,Masters,Masters of Arts in Interior Design
Program Information,Masters,Master of Arts in Geography
Program Information,Masters,Master of Arts in Music
Program Information,Masters,Master of Arts in Communication and Media Studies
Program Information,Masters,Master of Arts in Anthropology
Program Information,Masters,Master of Arts in Sociology
Program Information,Masters,Master in Social Development and Management
Program Information,Masters,Master in Arts Social Policy
Program Information,Masters,Master of Arts in Social Science Research Methods
Program Information,Masters,Master of Arts in Kiswahili
Program Information,Masters,Master of Arts in Gender Studies
Program Information,Masters,Master of Arts in Gender and Development
Program Information,Masters,Master of Arts in History
Program Information,Masters,Master of Arts in Psychology
Program Information,Masters,Master of Arts in Counselling Psychology
Program Information,Masters,Master of Arts in French Studies
Program Information,Masters,Master of Arts in Fashion Design
Program Information,Masters,Master of Science in Finance
Program Information,Masters,Masters of Business Administration (MBA)
Program Information,Masters,Masters of Science Human Resource Management
Program Information,Masters,Masters in Business Entrepreneurship
Program Information,Masters,Master of Science in Eco-Tourism Management
Program Information,Masters,Master of Science in Tourism Management
Program Information,Masters,Master of Science in Hospitality Management
Program Information,Masters,Master of Economics (Economic Policy Analysis and Management)
Program Information,Masters,Master of Economics (Applied Economics)
Program Information,Masters,Master of Arts in Economics
Program Information,Masters,Master of Science in Supply Chain Management
Program Information,Masters,Master of Education in Special Needs Education
Program Information,Masters,Master of Education in Curriculum Studies
Program Information,Masters,Master of Education in Pedagogy
Program Information,Masters,Master of Education in Educational Planning and Economics
Program Information,Masters,Master of Education in Educational Administration
Program Information,Masters,Master of Education in Educational Technology
Program Information,Masters,Master of Education in Educational Psychology
Program Information,Masters,Master of Education in Guidance and Counselling
Program Information,Masters,Master of Education in Early Childhood Education Development
Program Information,Masters,Master of Education in Planning and Economics of Education
Program Information,Masters,Master of Arts in Research and Public Policy (MRPP)
Program Information,Masters,Master of Arts in International Relations
Program Information,Masters,Master of Arts in Political Science
Program Information,Masters,Master of Research and Public Policy
Program Information,Masters,Master of Arts in Development Studies
Program Information,Masters,Master of Arts in Research and Public Policy
Program Information,Masters,Master of Arts in Urban Development and Management
Program Information,Masters,Master of Arts in Monitoring and Evaluation
Program Information,Masters,Master of Arts in Project Planning and Management
Program Information,Masters,Master of Medicine (MMed) in Family and Emergency Medicine
Program Information,Masters,Master of Medicine (MMed) in General Surgery
Program Information,Masters,Master of Medicine in Obstetrics and Gynaecology
Program Information,Masters,Master of Medicine in Internal Medicine
Program Information,Masters,Master of Medicine in Paediatrics and Child Health
Program Information,Masters,Master of Science in Human Anatomy
Program Information,Masters,Master of Science in Public Health Nutrition
Program Information,Masters,Master of Science in Community Nutrition and Development
Program Information,Masters,Master of Science in Medical Biotechnology
Program Information,Masters,Master of Science in Medical Parasitology
Program Information,Masters,Master of Science in Medical Entomology and Vector Science
Program Information,Masters,Master of Science in Medical Microbiology
Program Information,Masters,Master of Science in Medical Immunology
Program Information,Masters,Master of Science in Medical Cytology and Histology
Program Information,Masters,Master of Science in Medical Haematology
Program Information,Masters,Master of Science in Clinical Chemistry
Program Information,Masters,Master of Science in Pharmaceutical Sciences
Program Information,Masters,Master of Science in Cell and Molecular Biology
Program Information,Masters,Master of Science in Biomedical Science and Technology
Program Information,Masters,Master of Science in Public Health
Program Information,Masters,Master of Science in Medical Physiology
Program Information,Masters,Master of Science in Plant Ecology
Program Information,Masters,Master of Science in Plant Physiology and Biochemistry
Program Information,Masters,Master of Science in Developmental Botany
Program Information,Masters,Master of Science in Genetics
Program Information,Masters,Master of Science in Plant Pathology
Program Information,Masters,Master of Science in Chemistry
Program Information,Masters,Master of Science in Aquatic Resources Conservation and Fisheries Development
Program Information,Masters,Master of Science in Conservation Biology
Program Information,Masters,Master of Science in Applied Entomology
Program Information,Masters,Master of Science in Applied Parasitology and Vector Biology
Program Information,Masters,Master of Science in Molecular Microbiology and Biotechnology
Program Information,Masters,Master of Science in Physics
Program Information,Masters,Master of Science in Botany
Program Information,Masters,Master of Science in Pure Mathematics
Program Information,Masters,Master of Science in Applied Mathematics
Program Information,Masters,Master of Science in Quantitative Research Methods
Program Information,Masters,Master of Science in Applied Statistics
Program Information,Masters,Master of Science in Actuarial Science
Program Information,Masters,Master of Science in Research Methods
Program Information,Masters,Master of Science in Computer Science
Program Information,Masters,Master of Science in Information Technology
Program Information,Masters,Master of Science in Information Systems
Program Information,Masters,Master of Science in Parallel and Distributed Computing
Program Information,Masters,Master of Science in Mobile Computing and Networking
Program Information,Masters,Master of Science in Computer Technology
Program Information,Masters,Master of Science in Communication and Networking
Program Information,Masters,Master of Science in Artificial Intelligence
Program Information,Masters,Master of Public Health (MPH)
Program Information,Masters,Master of Science (MSc) in Quantitative Research Methods
Program Information,Masters,Master of Arts (MA) in Monitoring and Evaluation
Program Information,Masters,Master of Arts (MA) in Project Planning and Management
Program Information,Masters,Master of Arts (MA) in Social Development and Management
Program Information,Bachelors,Bachelor of Science in Animal Science with IT
Program Information,Bachelors,Bachelor of Science (Environmental Science with IT)
Program Information,Bachelors,Bachelor of Science in Agricultural Education and Extension (with IT)
Program Information,Bachelors,Bachelor of Science in Agribusiness Management (with IT)
Program Information,Bachelors,Bachelor of Science in Agricultural Economics (with IT)
Program Information,Bachelors,Bachelor of Science in Soil Science and Plant Nutrition with IT
Program Information,Bachelors,Bachelor of Science with IT
Program Information,Bachelors,Bachelor of Science in Fisheries and Aquaculture with IT
Program Information,Bachelors,Bachelor of Science in Aquatic Resource Conservation and Management with IT
Program Information,Bachelors,Bachelor of Arts in Disaster Management with IT
Program Information,Bachelors,Bachelor of Science in Geospatial Information Science with IT
Program Information,Bachelors,Bachelor of Science in Horticulture with IT
Program Information,Bachelors,Bachelor of Science in Agronomy with IT
Program Information,Bachelors,Bachelor of Science in Agricultural Economics and Rural Development with IT
Program Information,Bachelors,Bachelor of Science in Earth Sciences with IT
Program Information,Bachelors,Bachelor of Arts (Music) with IT and Bachelor of Arts (Drama and Theatre Studies) with IT
Program Information,Bachelors,Bachelor of Arts in Language and Communication with IT
Program Information,Bachelors,Bachelor of Arts (Kiswahili) with IT
Program Information,Bachelors,Bachelor of Arts in Communication Media Technology with IT
Program Information,Bachelors,Bachelor of Arts in Communication Media Technology with IT
Program Information,Bachelors,Bachelor of Arts program in Literature
Program Information,Bachelors,Bachelor of Arts in Criminology
Program Information,Bachelors,Bachelor of Arts in Anthropology
Program Information,Bachelors,Bachelor of Arts in Sociology
Program Information,Bachelors,Bachelor of Arts in History and Archaeology
Program Information,Bachelors,Bachelor of Arts in Counselling Psychology with Information Technology (IT)
Program Information,Bachelors,Bachelor of Arts (French) with IT/Bachelor of Education (French with IT)
Program Information,Bachelors,Bachelor of Arts in Philosophy with IT
Program Information,Bachelors,Bachelor of Arts in Religion with IT
Program Information,Bachelors,Bachelor of Arts in Fine Art with IT
Program Information,Bachelors,Bachelor of Arts in Design (Interior Design with IT)
Program Information,Bachelors,Bachelor of Arts in Design (Fashion Design with IT)
Program Information,Bachelors,Bachelor of Science in Geography and Natural Resource Management with IT
Program Information,Bachelors,Bachelor of Science in Climate Change and Development with IT
Program Information,Bachelors,Bachelor of Science in Ecotourism Management with IT
Program Information,Bachelors,Bachelor of Science in Hotel and Institution Management with IT
Program Information,Bachelors,Bachelor of Arts in Drama and Theatre Studies with IT
Program Information,Bachelors,Bachelor of Arts in Sociology and Anthropology with IT
Program Information,Bachelors,Bachelor of Arts in Music with IT
Program Information,Bachelors,"Bachelor of Arts in Textile, Apparel Design and Fashion Merchandise with IT"
Program Information,Bachelors,Bachelor of Arts in Interior Design with IT
Program Information,Bachelors,Bachelor of Arts in Criminology with IT
Program Information,Bachelors,Bachelor of Arts in Theology with IT
Program Information,Bachelors,Bachelor of Arts in Psychology with IT
Program Information,Bachelors,Bachelor of Arts in English with IT
Program Information,Bachelors,Bachelor of Arts in Literature with IT
Program Information,Bachelors,Bachelor of Arts in Kiswahili with IT
Program Information,Bachelors,Bachelor of Arts in Gender and Development with IT
Program Information,Bachelors,Bachelor of Business Information Technology
Program Information,Bachelors,Bachelor of Procurement and Supply Chain Management
Program Information,Bachelors,Bachelor of Economics and Finance with IT
Program Information,Bachelors,Bachelor of Economics and Statistics with IT
Program Information,Bachelors,Bachelor of Applied Economics with IT
Program Information,Bachelors,Bachelor of Economics with IT
Program Information,Bachelors,Bachelor of Science in Hotel and Institution Management with IT
Program Information,Bachelors,Bachelor of Science in Travel and Tourism Management with IT
Program Information,Bachelors,Bachelor of Business Entrepreneurship with IT
Program Information,Bachelors,Bachelor of Business Administration with IT (BBA)
Program Information,Bachelors,Bachelor of Science in Accounting and Finance with IT
Program Information,Bachelors,Bachelor of Arts in Business Studies with IT
Program Information,Bachelors,Bachelor of Arts in Economics with IT
Program Information,Bachelors,Bachelor of Science in Economics and Statistics with IT
Program Information,Bachelors,Bachelor of Science in Economics and Finance with IT
Program Information,Bachelors,Bachelor of Science in Computer Science
Program Information,Bachelors,Bachelor of Science in Information Technology
Program Information,Bachelors,Bachelor of Science in Information Communications and Technology
Program Information,Bachelors,Bachelor of Science in Computer Technology
Program Information,Bachelors,Bachelor of Science in Information Systems
Program Information,Bachelors,Bachelor of Education in Science (with IT)
Program Information,Bachelors,Bachelor of Education in Early Childhood Education (with IT)
Program Information,Bachelors,Bachelor of Education in Primary Education (with IT)
Program Information,Bachelors,Bachelor of Education in Special Needs Education (with IT)
Program Information,Bachelors,Bachelor of Education in Psychology
Program Information,Bachelors,Bachelor of Education (Arts) with IT
Program Information,Bachelors,Bachelor of Education (Community-Based Rehabilitation) with IT
Program Information,Bachelors,Bachelor of Education (Home Science) with IT
Program Information,Bachelors,Bachelor of Arts in International Relations and Diplomacy (with IT)
Program Information,Bachelors,Bachelor of Arts in Political Science (with IT)
Program Information,Bachelors,Bachelor of Arts in Development Studies (with IT)
Program Information,Bachelors,Bachelor of Urban and Regional Planning (with IT)
Program Information,Bachelors,Bachelor of Disaster Management (with IT)
Program Information,Bachelors,Bachelor of Geospatial Information Science (with IT)
Program Information,Bachelors,Bachelor of Pharmacy
Program Information,Bachelors,Bachelor of Science in Pharmaceutical Sciences with IT
Program Information,Bachelors,Bachelor of Medicine and Bachelor of Surgery with IT
Program Information,Bachelors,Bachelor of Medicine in Family and Emergency Medicine
Program Information,Bachelors,Bachelor of Medicine in General Surgery
Program Information,Bachelors,Bachelor of Science in Medical Biotechnology with Information Technology (IT)
Program Information,Bachelors,Bachelor of Science in Nutrition and Dietetics with IT
Program Information,Bachelors,Bachelor of Science in Health Systems Management with Information Technology
Program Information,Bachelors,Bachelor of Science in Public Health with Information Technology
Program Information,Bachelors,Bachelor of Science in Health Records and Information Management with IT
Program Information,Bachelors,Bachelor of Science in Medical Laboratory Science with IT
Program Information,Bachelors,Bachelor of Science in Nursing with IT
Program Information,Bachelors,Bachelor of Science in Analytical Chemistry with IT
Program Information,Bachelors,Bachelor of Science in Industrial Chemistry with IT
Program Information,Bachelors,Bachelor of Science in Botany with IT
Program Information,Bachelors,Bachelor of Science in Ethnobotany and Medicinal Plant Science with IT
Program Information,Bachelors,Bachelor of Science in Physics with IT
Program Information,Bachelors,Bachelor of Science in Biochemistry with IT
Program Information,Bachelors,Bachelor of Science in Applied Statistics with IT
Program Information,Bachelors,Bachelor of Science in Actuarial Science with IT
Program Information,Bachelors,Bachelor of Science in Mathematical Science with IT
Program Information,Bachelors,Bachelor of Science in Mathematics and Business with IT
Program Information,Bachelors,Bachelor of Science in Mathematics and Economics with IT
Program Information,Bachelors,Bachelor of Science in Mathematics and Computer Science
Program Information,Bachelors,Bachelor of Science in Mathematics with IT
Program Information,Bachelors,Bachelor of Business Administration (with IT)
Program Information,Bachelors,"Bachelor of Science (Actuarial Science, with IT)"
Program Information,Bachelors,"Bachelor of Science (Applied Statistics, with IT)"
Program Information,Bachelors,"Bachelor of Science (Mathematics and Business Studies, with IT)"
Program Information,Bachelors,"Bachelor of Science (Mathematical Science, with IT)"
Program Information,Bachelors,Bachelor of Procurement and Supply Chain Management (with IT)
Program Information,Diploma,Diploma in French (Several Levels)
Program Information,Diploma,Diploma in Public Relations
Program Information,Diploma,"Dipoloma in Theology, Religion"
Program Information,Diploma,Diploma in Journalism & Mass Media
Program Information,Diploma,Diploma in Social Work
Program Information,Diploma,Diploma in Literature
Program Information,Diploma,Diploma in Conflict Resolution
Program Information,Diploma,Diploma in Peace building
Program Information,Diploma,Diploma in Film & Theatre Studies
Program Information,Diploma,Diploma in Business Administration
Program Information,Diploma,Diploma in Small Enterprise Finance
Program Information,Diploma,Diploma in Management
Program Information,Diploma,Diploma in Purchasing & Supply Management
Program Information,Diploma,Diploma in Sales and Marketing
Program Information,Diploma,Diploma in Human Resource Management
Program Information,Diploma,Diploma in Management of Transport Systems
Program Information,Diploma,Diploma in Strategic Management
Program Information,Diploma,Diploma in Enterpreneurship
Program Information,Diploma,Diploma in Management of NGO's
Program Information,Diploma,Diploma in Enterprise Management
Program Information,Diploma,Diploma in Health care Economics
Program Information,Diploma,Diploma in Project Management
Program Information,Diploma,Diploma in E-Commerce & e-Business
Program Information,Diploma,Diploma in Hospitality Management
Program Information,Diploma,Diploma in Travel and Tourism
Program Information,Diploma,Diploma in Enterpreneurship Education
Program Information,Diploma,Diploma in Environmental Education
Program Information,Diploma,Diploma in Disability
Program Information,Diploma,Diploma in Early childhood Education
Program Information,Diploma,Diploma in Sign Language
Program Information,Diploma,Diploma in Special needs Education
Program Information,Diploma,Diploma in Guidance & Counselling
Program Information,Diploma,Diploma in School Administration
Program Information,Diploma,Diploma in Educational Administration
Program Information,Diploma,Diploma in Pedagogical Skills
Program Information,Diploma,Diploma in Education Evaluation
Program Information,Diploma,Diploma in ICT Application in Education
Program Information,Diploma,Diploma in Diplomacy
Program Information,Diploma,Diploma in Public Administration
Program Information,Diploma,Diploma in Peace And Security Studies
Program Information,Diploma,Diploma in Community Development
Program Information,Diploma,Diploma in Actuarial Science
Program Information,Diploma,Diploma in Information and Communication Technology (DICT)
Program Information,Diploma,Diploma in HIV & AIDS Determinants
Program Information,Diploma,Diploma in Prevention & Management
Program Information,Diploma,Diploma in Health Economics
Program Information,Diploma,Diploma in Medical Laboratory & Community Health
Program Information,Diploma,Diploma in Urban Management
Program Information,Diploma,Diploma in Monitoring & Evaluation
Program Information,Diploma,Diploma in Analytical Chemistry
Program Information,Certificate,Certificate in Theology
Program Information,Certificate,Certificate in Religion
Program Information,Certificate,Certificate in Journalism & Mass Media
Program Information,Certificate,Certificate in Social Work
Program Information,Certificate,Certificate in Public Relations
Program Information,Certificate,Certificate in Theatre Development
Program Information,Certificate,Certificate in French (Several Levels)
Program Information,Certificate,Certificate in Business Administration
Program Information,Certificate,Certificate in Micro Economics
Program Information,Certificate,Certificate in Macro Economics
Program Information,Certificate,Certificate in Small Enterprise Finance
Program Information,Certificate,Certificate in Management
Program Information,Certificate,Certificate in Enterprise Development & Management
Program Information,Certificate,Certificate in e-Commerce & e-Business Systems
Program Information,Certificate,Certificate in Entrepreneurship
Program Information,Certificate,Certificate in Sales and Marketing
Program Information,Certificate,Certificate in Project design & Implementation
Program Information,Certificate,Certificate in Human Resource Management
Program Information,Certificate,Certificate in Strategic Purchasing & Supply Management
Program Information,Certificate,Certificate in Youth & Women Group Programmes Management
Program Information,Certificate,Certificate in Management of Transport System
Program Information,Certificate,Certificate in Guidance & Counselling
Program Information,Certificate,Certificate in Disability studies
Program Information,Certificate,Certificate in Special Needs Education
Program Information,Certificate,Certificate in School Administarion
Program Information,Certificate,Certificate in Sign Language
Program Information,Certificate,Certificate in Braille
Program Information,Certificate,Certificate in Special & Inclusive Education
Program Information,Certificate,Certificate in Gender & Development in Education
Program Information,Certificate,Certificate in Adult Education
Program Information,Certificate,Certificate in Entrepreneurship Education
Program Information,Certificate,Certificate in ICT Application in Education
Program Information,Certificate,Certificate in Education Evaluation
Program Information,Certificate,Certificate in Pedagogical Skills
Program Information,Certificate,Certificate in Special and Inclusive Education
Program Information,Certificate,Certificate in Public Administration
Program Information,Certificate,Certificate in Community Development
Program Information,Certificate,Certificate in Peace And Security Studies
Program Information,Certificate,Certificate in Diplomacy
Program Information,Certificate,Certificate in Monitoring & Evaluation
Program Information,Certificate,Certificate in Result Based Management
Program Information,Certificate,Certificate in Information & Communication Technology
Program Information,Certificate,Certicate in Enviromental Impact Assesment (EIA)
Program Information,Certificate,Certificate in Climate Change Adaptation
Program Information,Certificate,Certicate in Hospitality & Tourism Operations
Program Information,Certificate,Certificate in Pre-University Entrance Course
Application Procedure,DOWNLOAD & PRINT application forms,"OBTAIN application forms from the Office of the Registrar, Academic Affairs, the Office of the Director Kisumu Campus, or the Office of the Coordinator. Upon payment of a non-refundable Application Fee of Ksh. 2,000/= at the banks indicated, completed Application Forms will be submitted alongside the bank deposit slips to the Office of the Registrar, Academic Affairs, the Office of the Director, Kisumu Campus. If applying online, applicants will be required to upload a scan of the bank deposit slip for the application fee."
Bank Details,Main Campus,"Equity Bank, Luanda Branch A/C Number 1120297065141"
Bank Details,Kisumu Campus,"Kenya Commercial Bank: Acc. No. 1101561076, Kisumu"
Download Link,Application Forms For Certificate /Diploma,"Postgraduate Referee Forms, Application Form For Undergraduate, Application Form For Postgraduate"
Maseno in Brief,Maseno University founded in 1991,"It is the only university on the globe that lies along the Equator (00). It is one of the original seven universities in Kenya. It has a number of campuses namely; Main Campus situated in Maseno Township along Kisumu-Busia road, 25 km from Kisumu City and approximately 400 km west of Nairobi the capital city of Kenya, Kisumu Campus, Odera Akang'o in Siaya County and the eCampus."
General Information,Vision,The University of Excellence in discovery and dissemination of knowledge.
General Information,Mission,"To discover, harness, apply, disseminate and preserve knowledge for good of humanity."
General Information,Quality Policy Statement,"Maseno University is committed to quality through teaching, research and development, providing timely services to foster and develop academic excellence in basic and applied research at all levels of study by training practice oriented manpower, who can contribute effectively to social, intellectual and academic development."
University Management,Vice Chancellor,"Prof. Julius O. Nyabundi, OGW BSc.(UoN), MSc.(UoN), Ph.D.(California, Davis), Vice- Chancellor Maseno University"
University Management,"Deputy Vice Chancellor Administration, Finance & Development",Prof. Catherine A. Muhoma
University Management,Deputy Vice Chancellor Academic & Student Affairs,Prof. Mary J. Kipsat
University Management,"Deputy Vice Chancellor Partnership, Research & Innovation",Prof. Joseph S. Chacha
University Management,FINANCE OFFICER,"Mr. Joseph W Omondi, BBA.(KEMU), MBA (UoN), CPA(K)"
University Management,LEGAL OFFICER,"Ms. Joy A. Akinyi, LLB (Moi), PGD (KSL), Dip (KIM), MBA(UoN)"
University Council,Chairman of Council,"Prof N. Omolo Ongati, PhD (Mathematics), University of Pretoria, South Africa"
University Council,Vice- Chancellor Maseno University,"Prof. Julius O. Nyabundi, OGW BSc.(UoN), MSc.(UoN), Ph.D.(California, Davis)"
University Council,Member of Council,"Ponyochi Kunyobo, MBA -London Metropolitan University, BCOM (Accounting) -University of Nairobi"
University Council,Member of Council,"Dr. Matilda Chemutai Sang, Doctor Of Philosophy, PhD, Business Administration (Entrepreneurship) Kabarak University, Master Of Business Administration, Entrepreneurship Kenyatta University"
University Council,Member of Council,"Darius G. Isaboke, Master of Arts in Development Studies, University of Nairobi, Bachelor of Education (Arts), Catholic University of Eastern Africa (CUEA), Monitoring and Evaluation, Carleton University Canada, Ottawa, Canada"
URL,Maseno in Brief,https://www.maseno.ac.ke/maseno-brief
URL,General Information,https://www.maseno.ac.ke/maseno-general-information
URL,University Management,https://www.maseno.ac.ke/university-staff
URL,University Council,https://www.maseno.ac.ke/maseno-university-council
Download Link,Application Forms,https://www.maseno.ac.ke/application-forms
Fee Structure,Fee Structure,https://www.maseno.ac.ke/fee-structure
Joining Instructions,Joining Instructions,https://www.maseno.ac.ke/joining-instructions
Contact Information,Contact Info,"Private Bag, Maseno, Kenya. Mobile: 0722-203411. Tel: +254 - 57 - 351620/2. info@maseno.ac.ke"
Contact Information,Additional Contact Info,Maseno University. (+254) 722 314 765. info@maseno.ac.ke
Student Portal,Student Portal,https://student.maseno.ac.ke/
Staff Portal,Staff Portal,https://staff.maseno.ac.ke/
Homepage,Homepage,https://www.maseno.ac.ke/
Joining Instructions,Details,"STUDENTS JOINING INSTRUCTIONS, ADMISSION LETTER KUCCPS LETTER, ADMISSION PARCEL, GENERAL INFORMATION TO NEW STUDENTS, OTHER REQUIREMENTS FOR 1ST BSC. (PUBLIC HEALTH, WITH IT), OTHER REQUIREMENTS FOR 1ST YEAR ECOTOURISM, OTHER REQUIREMENTS FOR BSC. NURSING, OTHER REQUIREMENTS FOR SCHOOL OF MEDICINE AND PHARMACY, STUDENTS ACCEPTANCE FORM, STUDENTS DECLARATION FORM, STUDENTS EMERGENCY OPERATION FORM, STUDENTS MEDICAL EXAMINATION FORM, STUDENTS PERSONAL DEPTAILS FORM"
Schools,School of Education,https://soe.maseno.ac.ke/
Schools,School of Medicine,https://medicine.maseno.ac.ke/
Schools,School of Pharmacy,https://sop.maseno.ac.ke/
Schools,School of Mathematics,https://smsas.maseno.ac.ke/
Schools,School of Development and Strategic Studies,https://sdss.maseno.ac.ke/
Schools,School of Nursing,https://son.maseno.ac.ke/
Schools,School of Computing and Informatics,https://sci.maseno.ac.ke/
Schools,School of Public Health,http://publichealth.maseno.ac.ke/
Schools,School of Business,https://sbe.maseno.ac.ke/
Schools,School of Arts and Social Sciences,https://sass.maseno.ac.ke/
Schools,School of Agriculture and Food Security,https://safs.maseno.ac.ke/
Schools,School of Physical and Biological Sciences,https://sbps.maseno.ac.ke/
Program Types,Doctorate Programmes,Doctorate Programmes
Program Types,Diploma Programmes,Diploma Programmes
Program Types,Masters Programmes,Masters Programmes
Program Types,Certificate Programmes,Certificate Programmes
Program Types,Bachelor Programmes,Bachelor Programmes
eCampus,Login/Register,Details for students to log in or register for eLearning courses
eCampus,Module Registration,Information on how students can register for different modules
eCampus,Programmes,List of available eLearning programmes
eCampus,Fees,Detailed fee structure for eLearning programmes
eCampus,Apply Now,Steps and links to apply for eLearning courses
eCampus,eLearning Portal,Link to the eLearning portal for course access
eCampus,Student Portal,Link to the student portal for managing student accounts and activities
eCampus,Student Noticeboard,Updates and announcements for eLearning students
eCampus,Term Dates,Important dates for the eLearning academic calendar
eCampus,Fee Payment,Instructions and details for paying fees for eLearning courses
eCampus,Prospective Graduands Notice,Information for students about graduation procedures and requirements
eCampus,Programme Information Booklet,A booklet with detailed information about the eLearning programmes offered
eCampus,Why Choose Us?,Benefits and unique features of the eLearning platform
eCampus,"Learn at home, at work or on the move","We guarantee reliable access to flexible modular courses, eLibrary, and administrative support, anytime, anywhere at your convenience."
eCampus,E-Learning,Examinations for eLearning students are conducted under similar conditions to that of the face-to-face students.
eCampus,High quality,"We offer high-quality online modules based on experience, knowledge, and skills drawn from collaboration with international partners."
eCampus,Affordable,Our eCampus programmes allow learners to only pay for the number of modules they wish to take. You make a substantial saving on cost compared to face-to-face learners.
